student_id,beers,bac
1,5,0.1289049455064036
2,3,0.08732880868712847
3,6,0.10556830812781667
4,5,0.1377209002603045
5,9,0.19005390776858272
6,9,0.13672299908587712
7,3,0
8,7,0.07548899679611867
9,8,0.1368182518745372
10,5,0.07635034127424038
11,4,0.08935854096209697
12,9,0.1370343433106162
13,1,0
14,6,0.1346402961047373
15,8,0.10243148554776917
16,5,0.063286953350566
